id,drug9,drug10,drug,INIList
102625|BR10SP267C|JQ797720,S,I,RAL_SIR,RAL
102625|BR10SP296|JQ797733,R,I,DTG_SIR,RAL
102951|643_6|KC409189,I,S,RAL_SIR,RAL
102973|286_21|KC409153,I,S,RAL_SIR,None
102991|573_2|KC409177,S,I,RAL_SIR,None
102992|575_14|KC409178,R,S,DTG_SIR,RAL
102992|575_14|KC409178,I,S,RAL_SIR,RAL
102992|575_20|KC409179,I,S,RAL_SIR,None
105041|09LNA379|JX960603,I,S,RAL_SIR,None
105811|2819|JQ901035,I,S,RAL_SIR,None
105923|AA002a_LH13|JX446668,I,S,RAL_SIR,None
105961|AA040a_WG13|JX447158,S,I,RAL_SIR,None
106042|AA131a01L|JX448311,I,S,RAL_SIR,None
106644|BEC48|EU517873,I,S,RAL_SIR,None
111079|consensus_1047|JF320198,I,S,RAL_SIR,None
112054|08MB73ZA|HM569338,I,S,RAL_SIR,None
112099|51PHI|HQ207725,I,S,RAL_SIR,None
112183|INT10|HQ207809,I,S,RAL_SIR,None
112207|092204.055|HQ423432,I,S,RAL_SIR,RAL
112208|092710.036|HQ423433,I,S,RAL_SIR,RAL
112210|092810.002|HQ423435,R,I,DTG_SIR,RAL
112217|11143|HQ423442,R,S,DTG_SIR,RAL
112405|B.BR.1033|JN234116,I,S,RAL_SIR,None
112439|B.BR.1465|JN234150,I,S,RAL_SIR,None
112493|p25|HM051441,I,S,RAL_SIR,None
112520|p52|HM051468,I,S,RAL_SIR,None
112658|IVVI05543|JQ288881,I,S,RAL_SIR,None
112664|IVVI07187|JQ288887,I,S,RAL_SIR,None
112676|SK3052|JQ250519,I,S,RAL_SIR,None
112711|102-1113|JQ250554,I,S,RAL_SIR,None
112749|DRC-909|JQ250592,I,S,RAL_SIR,None
112753|DESDES|JQ250596,I,S,RAL_SIR,None
112754|DONDON|JQ250597,R,S,DTG_SIR,None
113009|CN0059|JQ028201,I,S,RAL_SIR,None
113020|CN0892|JQ028212,I,S,RAL_SIR,None
113023|CN0918|JQ028215,I,S,RAL_SIR,None
113237|306|JX425427,I,S,RAL_SIR,None
113256|323|JX425446,I,S,RAL_SIR,None
113349|71|JX425539,I,S,RAL_SIR,None
113452|175|JX425642,I,S,RAL_SIR,None
113571|428|JX425761,I,S,DTG_SIR,None
113587|444|JX425777,I,S,RAL_SIR,None
113619|476|JX425809,I,S,RAL_SIR,None
113621|478|JX425811,I,S,RAL_SIR,None
113630|487|JX425820,I,S,RAL_SIR,None
113633|490|JX425823,I,S,RAL_SIR,None
113756|100700|JX451935,S,I,RAL_SIR,None
113768|100988|JX451947,I,S,DTG_SIR,None
113779|41879|JX451958,I,S,RAL_SIR,None
113788|GA04|JQ670791,I,S,RAL_SIR,None
113831|GC19|JQ670835,I,S,RAL_SIR,None
113837|GD30|JQ670841,I,S,RAL_SIR,None
113901|CY252|JF683795,S,I,RAL_SIR,None
113917|Pt1W20|JN163877,I,R,RAL_SIR,RAL
113917|Pt1W24|JN163878,R,I,DTG_SIR,RAL
113917|Pt1W48|JN163879,R,I,DTG_SIR,RAL
113917|Pt1W8A|JN163874,S,R,RAL_SIR,RAL
113917|Pt1W8B|JN163875,I,S,DTG_SIR,RAL
113918|Pt2W24|JN163881,I,R,RAL_SIR,RAL
113918|Pt2W64|JN163885,I,S,DTG_SIR,RAL
113918|Pt2W64|JN163885,I,R,RAL_SIR,RAL
113920|Pt4W24|JN163889,R,I,DTG_SIR,RAL
113921|Pt5W12|JN163891,S,R,RAL_SIR,RAL
113921|Pt5W48|JN163892,S,R,RAL_SIR,RAL
113924|Pt8w12|JN163901,I,S,DTG_SIR,RAL
113926|Pt10w20|JN163905,S,I,DTG_SIR,RAL
113926|Pt10w32|JN163907,I,R,DTG_SIR,RAL
113927|Pt11w12b|JN163910,I,S,DTG_SIR,RAL
114608|PT_69_MO_7|JN544101,I,S,DTG_SIR,RAL
114613|PT_5_BL|JN544083,I,S,RAL_SIR,None
114640|KSH29INT|AB716168,I,S,RAL_SIR,None
114643|SYZ40INT|AB716178,I,S,RAL_SIR,None
114644|KSH30INT|AB716169,I,S,RAL_SIR,None
114645|KSH26INT|AB716165,I,S,RAL_SIR,None
114667|KSH28INT|AB716167,I,S,RAL_SIR,None
114687|THR20INT|AB716160,I,S,RAL_SIR,None
114694|THR07INT|AB716148,I,S,RAL_SIR,None
114697|THR11INT|AB716152,I,S,RAL_SIR,None
114698|THR15INT|AB716156,R,S,DTG_SIR,None
114698|THR15INT|AB716156,I,S,RAL_SIR,None
114699|SYZ36INT|AB716175,I,S,RAL_SIR,None
114712|KSH22INT|AB716162,I,S,RAL_SIR,None
114723|KSH24INT|AB716163,I,S,RAL_SIR,None
114871|819226|JF928879,I,S,DTG_SIR,None
116691|2161|JQ302645,I,S,RAL_SIR,None
116699|2157|JQ302642,I,S,RAL_SIR,None
11822|X605|AF450096,I,S,DTG_SIR,None
121245|PJ105|KF735933,I,S,RAL_SIR,None
127457|KI-708|AB874070,I,S,RAL_SIR,None
127492|KI-570|AB873959,I,S,RAL_SIR,None
127535|KI-672|AB874026,I,S,RAL_SIR,None
127566|KI-715|AB874058,I,S,RAL_SIR,None
127643|KI-911|AB874207,I,S,RAL_SIR,None
127664|KI-675|AB874028,I,S,RAL_SIR,None
136624|10MYKJ036|KC522035,I,S,RAL_SIR,None
136652|LT31|JN864056,I,S,RAL_SIR,None
139381|PIC1888PFY51|,I,S,RAL_SIR,None
139398|BRSP328|,R,I,DTG_SIR,RAL
139399|BRSP332|,I,S,DTG_SIR,RAL
139400|BRSP446|,I,S,DTG_SIR,RAL
139403|BRSP526|,R,I,DTG_SIR,RAL
139409|BRSP287|,R,I,DTG_SIR,RAL
139412|BRSP67|,R,I,DTG_SIR,RAL
139413|BRSP222|,I,S,DTG_SIR,RAL
139415|BRSP614|,R,I,DTG_SIR,RAL
139417|BRSP105|,R,S,DTG_SIR,RAL
139426|BRSP74|,R,I,DTG_SIR,RAL
139427|BRSP545|,I,S,DTG_SIR,RAL
139432|BRSP267|,S,I,RAL_SIR,RAL
139437|BRSP148|,I,R,DTG_SIR,RAL
139442|BRSP271|,I,R,DTG_SIR,RAL
139445|BRSP368|,R,I,DTG_SIR,RAL
139450|BRSP102|,R,I,DTG_SIR,RAL
139451|BRSP496|,I,S,DTG_SIR,RAL
139458|BRSP296|,R,I,DTG_SIR,RAL
139461|BRSP239|,R,I,DTG_SIR,RAL
139462|BRSP308|,I,S,RAL_SIR,RAL
139472|BRSP65|,R,I,DTG_SIR,RAL
139478|BRSP534|,R,I,DTG_SIR,RAL
139482|BRSP710|,I,S,DTG_SIR,RAL
139484|BRSP273|,I,S,DTG_SIR,RAL
139835|IN_1739|,R,I,DTG_SIR,RAL
139838|IN_1019|,I,S,DTG_SIR,RAL
139839|IN_2898|,I,R,RAL_SIR,RAL
139841|IN_883|,I,S,DTG_SIR,RAL
139843|IN_210|,R,I,DTG_SIR,RAL
139844|IN_1685|,R,I,DTG_SIR,RAL
139846|IN_129|,I,S,DTG_SIR,RAL
139847|IN_321|,R,I,DTG_SIR,RAL
139849|IN_2211|,I,S,DTG_SIR,RAL
139850|IN_1622|,R,S,DTG_SIR,RAL
139851|IN_399|,R,I,DTG_SIR,RAL
139852|IN_192|,I,S,DTG_SIR,RAL
139853|IN_2589|,I,R,RAL_SIR,RAL
139856|IN_2414|,I,R,RAL_SIR,RAL
139856|IN_2414|,I,S,DTG_SIR,RAL
139857|IN_2223|,R,I,DTG_SIR,RAL
139858|IN_1151|,R,S,DTG_SIR,RAL
139859|IN_954|,R,S,DTG_SIR,RAL
139860|IN_1874|,I,S,DTG_SIR,RAL
139864|IN_2564|,I,R,RAL_SIR,RAL
139866|IN_1807|,R,I,DTG_SIR,RAL
139867|IN_1160|,I,S,DTG_SIR,RAL
139867|IN_1160|,I,R,RAL_SIR,RAL
139868|IN_3146|,I,R,RAL_SIR,RAL
139868|IN_3146|,I,S,DTG_SIR,RAL
139869|IN_79|,R,I,DTG_SIR,RAL
139873|IN_65|,I,S,DTG_SIR,RAL
139874|IN_1429|,R,I,DTG_SIR,RAL
139879|IN_847|,R,I,DTG_SIR,RAL
139880|IN_633|,R,I,DTG_SIR,RAL
139881|IN_543|,I,S,DTG_SIR,RAL
139889|IN_668|,I,S,DTG_SIR,RAL
139889|IN_668|,I,R,RAL_SIR,RAL
139893|IN_443|,I,S,DTG_SIR,RAL
139899|IN_663|,R,I,DTG_SIR,RAL
139902|IN_534|,R,I,DTG_SIR,RAL
139904|IN_1064|,R,I,DTG_SIR,RAL
139912|IN_2055|,R,I,DTG_SIR,RAL
139914|IN_646|,R,I,DTG_SIR,RAL
139915|IN_1525|,R,I,DTG_SIR,RAL
139916|IN_511|,R,I,DTG_SIR,RAL
139919|IN_2478|,I,R,RAL_SIR,RAL
139926|IN_612|,R,I,DTG_SIR,RAL
139927|IN_1273|,R,S,DTG_SIR,RAL
139929|IN_634|,R,I,DTG_SIR,RAL
139930|IN_265|,R,I,DTG_SIR,RAL
139931|IN_800|,I,S,DTG_SIR,RAL
139934|IN_2544|,R,S,DTG_SIR,RAL
139935|IN_508|,I,R,RAL_SIR,RAL
139935|IN_508|,I,S,DTG_SIR,RAL
139936|IN_1391|,I,R,RAL_SIR,RAL
139936|IN_1391|,I,S,DTG_SIR,RAL
139940|IN_1752|,R,S,DTG_SIR,RAL
139940|IN_1752|,I,R,RAL_SIR,RAL
139947|IN_2999|,I,S,DTG_SIR,RAL
139956|IN_1416|,R,I,DTG_SIR,RAL
139961|IN_1904|,I,S,DTG_SIR,RAL
139965|IN_212|,I,S,DTG_SIR,RAL
139969|IN_505|,I,R,RAL_SIR,RAL
139970|IN_880|,R,I,DTG_SIR,RAL
139971|IN_2222|,I,S,DTG_SIR,RAL
139972|IN_1642|,R,S,DTG_SIR,RAL
139979|IN_2513|,R,I,DTG_SIR,RAL
139984|IN_946|,R,I,DTG_SIR,RAL
139985|IN_309|,R,I,DTG_SIR,RAL
139992|IN_1438|,R,I,DTG_SIR,RAL
140015|IN_1850|,R,I,DTG_SIR,RAL
140016|IN_1998|,I,S,DTG_SIR,RAL
140017|IN_1204|,R,I,DTG_SIR,RAL
140021|IN_167|,R,S,DTG_SIR,RAL
140023|IN_1456|,R,I,DTG_SIR,RAL
140030|IN_1564|,I,S,DTG_SIR,RAL
140031|IN_3316|,I,S,DTG_SIR,RAL
140032|IN_1542|,I,S,DTG_SIR,RAL
140044|IN_914|,R,I,DTG_SIR,RAL
140051|IN_3116|,R,I,DTG_SIR,RAL
140055|IN_2493|,I,R,RAL_SIR,RAL
140055|IN_2493|,R,S,DTG_SIR,RAL
140060|IN_2231|,S,I,RAL_SIR,RAL
140065|IN_1031|,R,I,DTG_SIR,RAL
140066|IN_1486|,R,I,DTG_SIR,RAL
140072|IN_569|,R,I,DTG_SIR,RAL
140073|IN_215|,I,R,RAL_SIR,RAL
140074|IN_3256|,R,I,DTG_SIR,RAL
140076|IN_761|,I,R,RAL_SIR,RAL
140078|IN_623|,R,I,DTG_SIR,RAL
140082|IN_2946|,R,I,DTG_SIR,RAL
140083|IN_1795|,I,R,RAL_SIR,RAL
140083|IN_1795|,I,S,DTG_SIR,RAL
140084|IN_1668|,R,I,DTG_SIR,RAL
140090|IN_1723|,R,I,DTG_SIR,RAL
140093|IN_169|,I,S,DTG_SIR,RAL
140096|IN_224|,I,R,RAL_SIR,RAL
140102|IN_1302|,R,I,DTG_SIR,RAL
140103|IN_156|,R,I,DTG_SIR,RAL
140107|IN_2021|,I,S,DTG_SIR,RAL
140110|IN_196|,R,I,DTG_SIR,RAL
140111|IN_214|,R,S,DTG_SIR,RAL
140113|IN_3306|,I,R,DTG_SIR,RAL
140115|IN_852|,I,R,RAL_SIR,RAL
140116|IN_1321|,R,S,DTG_SIR,RAL
140118|IN_266|,I,S,DTG_SIR,RAL
140122|IN_2436|,I,R,RAL_SIR,RAL
140123|IN_2183|,R,S,DTG_SIR,RAL
140124|IN_1599|,R,S,DTG_SIR,RAL
140130|IN_101|,R,I,DTG_SIR,RAL
140132|IN_1061|,R,S,DTG_SIR,RAL
140135|IN_1362|,I,S,DTG_SIR,RAL
140137|IN_204|,R,I,DTG_SIR,RAL
140141|IN_760|,R,I,DTG_SIR,RAL
140142|IN_1638|,R,S,DTG_SIR,RAL
140153|IN_1235|,R,S,DTG_SIR,RAL
140157|IN_758|,I,S,DTG_SIR,RAL
140159|IN_1409|,I,S,DTG_SIR,RAL
140166|IN_1784|,R,I,DTG_SIR,RAL
140170|IN_1439|,R,S,DTG_SIR,RAL
140171|IN_2205|,I,S,DTG_SIR,RAL
140172|IN_202|,R,I,DTG_SIR,RAL
140174|IN_144|,I,S,DTG_SIR,RAL
140175|IN_1121|,R,I,DTG_SIR,RAL
140181|IN_2774|,I,S,DTG_SIR,RAL
140183|IN_861|,R,I,DTG_SIR,RAL
140190|IN_341|,I,S,DTG_SIR,RAL
140190|IN_341|,I,R,RAL_SIR,RAL
140192|IN_768|,I,S,RAL_SIR,RAL
140193|IN_1418|,R,I,DTG_SIR,RAL
140200|IN_446|,R,I,DTG_SIR,RAL
140205|IN_2058|,I,S,DTG_SIR,RAL
140210|IN_1410|,R,I,DTG_SIR,RAL
140215|IN_1915|,R,I,DTG_SIR,RAL
140220|IN_746|,R,S,DTG_SIR,RAL
140221|IN_2250|,I,R,RAL_SIR,RAL
140222|IN_1608|,R,S,DTG_SIR,RAL
140223|IN_2674|,I,S,DTG_SIR,RAL
140225|IN_676|,I,S,DTG_SIR,RAL
140233|IN_1868|,R,I,DTG_SIR,RAL
140234|IN_1144|,R,I,DTG_SIR,RAL
140237|IN_755|,R,I,DTG_SIR,RAL
140239|IN_48|,R,S,DTG_SIR,RAL
140240|IN_1514|,I,S,DTG_SIR,RAL
140245|IN_2481|,R,I,DTG_SIR,RAL
140246|IN_1007|,I,S,DTG_SIR,RAL
140247|IN_787|,I,R,RAL_SIR,RAL
140247|IN_787|,I,S,DTG_SIR,RAL
140248|IN_1684|,I,S,DTG_SIR,RAL
140250|IN_487|,R,S,DTG_SIR,RAL
140258|IN_1113|,R,I,DTG_SIR,RAL
140259|IN_2850|,R,I,DTG_SIR,RAL
140261|IN_992|,R,I,DTG_SIR,RAL
140264|IN_2253|,R,I,DTG_SIR,RAL
140266|IN_119|,S,R,RAL_SIR,RAL
140267|IN_1309|,R,I,DTG_SIR,RAL
140269|IN_1453|,I,S,DTG_SIR,RAL
140273|IN_782|,R,I,DTG_SIR,RAL
140278|IN_1513|,I,S,DTG_SIR,RAL
140279|IN_2908|,I,R,RAL_SIR,RAL
140280|IN_2721|,S,R,RAL_SIR,RAL
140286|IN_286|,I,R,RAL_SIR,RAL
140293|IN_994|,I,R,DTG_SIR,RAL
140298|IN_2470|,I,R,RAL_SIR,RAL
140300|IN_2519|,I,S,DTG_SIR,RAL
140300|IN_2519|,I,R,RAL_SIR,RAL
140306|IN_33|,I,S,DTG_SIR,RAL
140315|IN_2925|,R,S,DTG_SIR,RAL
140316|IN_826|,R,I,DTG_SIR,RAL
140319|IN_2368|,I,R,RAL_SIR,RAL
140323|IN_928|,I,R,RAL_SIR,RAL
140325|IN_1191|,I,R,RAL_SIR,RAL
140326|IN_1820|,R,S,DTG_SIR,RAL
140326|IN_1820|,I,R,RAL_SIR,RAL
140333|IN_2865|,R,I,DTG_SIR,RAL
140340|IN_352|,R,I,DTG_SIR,RAL
140344|IN_126|,I,S,DTG_SIR,RAL
149558|1245|KP235003,I,S,RAL_SIR,None
15031|ARMA037|AY037277,I,S,RAL_SIR,None
15038|URTR23|AF385934,I,S,RAL_SIR,None
151142|KE398838V4|KT022402,I,S,RAL_SIR,None
153072|VI-327|LC101166,I,S,RAL_SIR,None
153123|VI-215|LC101074,I,S,RAL_SIR,None
153241|VI-155|LC101021,I,S,RAL_SIR,None
153277|VI-072|LC100945,I,S,RAL_SIR,None
153294|VI-213|LC101073,I,S,RAL_SIR,None
153314|VI-067|LC101200,S,I,EVG_SIR,None
153319|VI-339|LC101177,I,S,RAL_SIR,None
153334|VI-136|LC101005,I,S,RAL_SIR,None
153358|VI-234|LC101090,I,S,RAL_SIR,None
153452|9379|LC022384,I,S,RAL_SIR,None
153474|9667|LC022199,I,S,RAL_SIR,None
153547|9376|LC022351,I,S,RAL_SIR,None
153571|9563|LC022423,I,S,RAL_SIR,None
153631|9377|LC022369,I,S,RAL_SIR,None
153667|N0680|LC022453,I,S,RAL_SIR,None
153670|9375|LC022131,I,S,RAL_SIR,None
153685|9656|LC022316,I,S,RAL_SIR,None
153732|9535|LC022233,I,S,RAL_SIR,None
153775|N0674|LC022449,I,S,RAL_SIR,None
153783|9631|LC022328,I,S,RAL_SIR,None
153791|N0915|LC022580,I,S,RAL_SIR,None
153857|N0879|LC022557,I,S,RAL_SIR,None
153875|9527|LC022380,I,S,RAL_SIR,None
153919|D9269|LC022726,I,R,DTG_SIR,RAL
153941|N241|LC022658,I,S,DTG_SIR,RAL
153941|N241|LC022658,I,R,RAL_SIR,RAL
153953|D9503|LC022630,I,S,RAL_SIR,None
153976|N359|LC022659,I,S,RAL_SIR,None
153990|D8835|LC022723,R,I,DTG_SIR,RAL
154004|D8597|LC022714,I,S,DTG_SIR,RAL
154022|N675|LC022719,I,S,DTG_SIR,RAL
155155|10BR_RJ067|KT427771,I,S,RAL_SIR,None
1556|CA124202|,I,R,RAL_SIR,RAL
1556|CA124202|,I,S,DTG_SIR,RAL
159276|INT_251|KT167810,I,S,RAL_SIR,None
15939|BZ163|AY173958,I,S,RAL_SIR,None
159402|INT_149|KT167708,I,S,RAL_SIR,None
159551|INT_234|KT167793,I,S,DTG_SIR,None
159610|INT_248|KT167807,I,S,DTG_SIR,None
159638|INT_261|KT167820,I,S,DTG_SIR,None
159744|INT_232|KT167791,I,S,RAL_SIR,None
163642|mpp_160|KR860943,I,S,RAL_SIR,None
163655|mpp_155|KR860938,I,S,RAL_SIR,None
163689|bcpp_356|KR860741,R,S,DTG_SIR,None
163808|mpp_340|KR861111,I,S,RAL_SIR,None
164648|VB11|KT152841,I,S,RAL_SIR,None
165126|ETH-G-5681|KF959763,I,S,RAL_SIR,None
165754|CHR5|KJ869728,I,S,RAL_SIR,None
166958|11IR.KSH29F|AB703611,I,S,RAL_SIR,None
167079|DEMB09ES007|KC473841,R,S,DTG_SIR,None
167086|DEMG09KE001|KF716477,I,S,DTG_SIR,None
167460|FJ070010|JX112809,I,S,RAL_SIR,None
167617|U23487|U23487,I,S,RAL_SIR,None
172309|MG035|KJ849804,I,S,RAL_SIR,None
21625|99USTWLA|AY169814,R,S,DTG_SIR,None
21625|99USTWLA|AY169814,S,I,RAL_SIR,None
22584|99UFRJ_16|AY455782,I,S,RAL_SIR,None
29273|03SK113B1|DQ351237,I,R,RAL_SIR,None
29309|04PS205B1|DQ093599,I,S,RAL_SIR,None
29328|04SK137B1|DQ164105,I,R,RAL_SIR,None
29394|1197MB|AY463234,I,R,RAL_SIR,None
30745|BZ163|AY214076,I,S,RAL_SIR,None
31112|01BR125|DQ358802,I,S,RAL_SIR,None
31241|X1241|AY536238,I,S,RAL_SIR,None
31242|02UZ652|AY829203,I,S,RAL_SIR,None
31244|02UZ694|AY829205,I,S,RAL_SIR,None
31245|02UZ698|AY829206,I,S,RAL_SIR,None
31247|02UZ740|AY829208,I,S,RAL_SIR,None
31248|02UZ0659|AY829209,I,S,RAL_SIR,None
31250|02UZ0667|AY829211,I,S,RAL_SIR,None
31610|TZBFL0011|AF442569,I,S,RAL_SIR,None
31628|1579A|DQ083238,I,S,RAL_SIR,None
31750|2002_394|DQ167216,I,S,RAL_SIR,None
37508|SB_J11243|DQ375259,I,S,RAL_SIR,None
38173|ML_58-8786|EF472752,I,S,RAL_SIR,None
38940|97CM.570|AM279374,I,S,DTG_SIR,None
38943|99CM.1417|AM279377,I,S,RAL_SIR,None
38950|97CM.578|AM279384,I,S,RAL_SIR,None
38952|99CM.1416|AM279386,I,S,RAL_SIR,None
38955|96CM.538|AM279389,I,S,RAL_SIR,None
38959|97CM.640|AM279393,I,S,RAL_SIR,None
38974|02CM.0013|AY371125,I,S,RAL_SIR,None
38978|02CM.2162|AY371129,I,S,RAL_SIR,None
38985|01CM.1237|AY371136,I,S,RAL_SIR,None
42504|SH1-W12|FJ538986,R,I,DTG_SIR,RAL
42506|SH2-W10|FJ538988,R,I,DTG_SIR,RAL
44567|01BAB032|EF150618,I,S,RAL_SIR,None
44579|01CEB092|EF150630,I,S,DTG_SIR,None
45884|99SP-11339|DQ926899,I,S,RAL_SIR,None
46096|Pt3-W11|,I,S,DTG_SIR,RAL
46096|Pt3-W15|,R,I,DTG_SIR,RAL
56394|Pt19Y2005|EU883846,I,S,RAL_SIR,None
56395|Pt20Y2000|EU883848,S,R,RAL_SIR,None
56398|Pt23Y2003|EU883858,I,S,RAL_SIR,None
56404|Pt29Y2004|EU883874,I,S,RAL_SIR,None
56695|1012-28|EU618063,I,S,DTG_SIR,None
56712|128-28|EU618080,I,S,RAL_SIR,None
56728|164-21|EU618096,I,S,RAL_SIR,None
56741|18-9|EU618109,I,S,RAL_SIR,None
56743|187-2|EU618111,I,S,RAL_SIR,None
56747|192-1|EU618115,I,S,RAL_SIR,None
56754|238-28|EU618122,I,S,RAL_SIR,None
56760|253-21|EU618128,I,S,RAL_SIR,None
56785|336-39|EU618153,I,S,RAL_SIR,None
56786|346-13|EU618154,I,S,RAL_SIR,None
56796|38-3|EU618164,I,S,RAL_SIR,None
56819|4455-7|EU618187,I,S,DTG_SIR,None
56824|449-38|EU618192,I,S,RAL_SIR,None
56828|4599-11|EU618196,I,S,DTG_SIR,None
56838|483-44|EU618206,I,S,RAL_SIR,None
56858|519-29|EU618226,I,S,RAL_SIR,None
56870|54-7|EU618238,I,S,RAL_SIR,None
56899|626-2|EU618267,I,S,DTG_SIR,None
56907|653-11|EU618275,I,S,RAL_SIR,None
56931|79-3|EU618299,I,S,RAL_SIR,None
56936|815-14|EU618304,I,S,RAL_SIR,None
56956|902-9|EU618324,I,S,RAL_SIR,None
56978|A1102|EU618346,I,S,DTG_SIR,None
56979|A1117|EU618347,I,S,RAL_SIR,None
56984|A1123|EU618352,I,S,RAL_SIR,None
56985|A1149|EU618353,S,I,RAL_SIR,None
56985|A1149|EU618353,S,I,EVG_SIR,None
57004|A1264|EU618372,I,S,RAL_SIR,None
57006|A1266|EU618374,I,S,RAL_SIR,None
57018|A1393|EU618386,I,S,DTG_SIR,None
57020|A1398|EU618388,I,S,RAL_SIR,None
57033|A1614|EU618401,I,S,RAL_SIR,None
57045|A1659|EU618413,I,S,RAL_SIR,None
57049|A1701|EU618417,I,S,RAL_SIR,None
57057|A1752|EU618425,I,S,RAL_SIR,None
57058|A1753|EU618426,I,S,RAL_SIR,None
57060|A1755|EU618428,I,S,RAL_SIR,None
57068|A1764|EU618436,I,S,RAL_SIR,None
57072|A1772|EU618440,I,S,DTG_SIR,None
57099|A1806|EU618467,I,S,RAL_SIR,None
57116|AB618|EU618484,I,S,RAL_SIR,None
57118|AB712|EU618486,I,S,RAL_SIR,None
57120|AB733|EU618488,I,S,RAL_SIR,None
57122|ABB01-96|EU618490,I,S,RAL_SIR,None
57139|ABB20-96|EU618507,I,S,RAL_SIR,None
57142|ABB23-96|EU618510,I,S,RAL_SIR,None
57153|ABB34-96|EU618521,I,S,RAL_SIR,None
57177|ABB59-96|EU618545,I,S,DTG_SIR,None
57197|ABB80-96|EU618565,I,S,RAL_SIR,None
57210|ABB93-96|EU618578,I,S,RAL_SIR,None
57216|ABB99-97|EU618584,S,I,RAL_SIR,None
57218|ABB101-97|EU618586,I,S,RAL_SIR,None
57225|ABB117-98|EU618593,I,S,RAL_SIR,None
57822|2393960|FJ480251,I,S,RAL_SIR,None
57833|ABB01-96|FJ480262,I,S,RAL_SIR,None
57842|ABB020-96|FJ480271,I,S,RAL_SIR,None
57868|ABB99-97|FJ480297,S,I,RAL_SIR,None
57869|ABB101-97|FJ480298,I,S,RAL_SIR,None
57874|ABB117-96|FJ480303,I,S,RAL_SIR,None
57877|ABB125-98|FJ480306,I,S,RAL_SIR,None
57908|pt6w20|EU908751,I,R,RAL_SIR,RAL
57908|pt6W24|EU908752,R,I,DTG_SIR,RAL
57908|pt6W36|EU908753,R,I,DTG_SIR,RAL
57908|pt6w48|EU908754,R,I,DTG_SIR,RAL
57909|pt3w24|EU908758,R,I,DTG_SIR,RAL
57910|pt4W24|EU908762,I,R,RAL_SIR,RAL
57910|pt4w32|EU908763,I,R,RAL_SIR,RAL
57910|pt4w36|EU908764,I,R,RAL_SIR,RAL
57910|pt4w36|EU908764,I,S,DTG_SIR,RAL
57912|pt5W12|EU908774,S,R,RAL_SIR,RAL
57912|pt5w48|EU908777,S,R,RAL_SIR,RAL
57932|H6-D0|FJ538983,I,S,RAL_SIR,None
57933|H-SH2-W22|FJ538994,R,I,DTG_SIR,RAL
58626|W14|FJ554687,I,S,RAL_SIR,None
58643|W31|FJ554704,I,S,RAL_SIR,None
58648|W36|FJ554709,I,S,RAL_SIR,None
58670|W58|FJ554731,I,S,RAL_SIR,None
58674|W62|FJ554735,I,S,RAL_SIR,None
58687|W75|FJ554748,I,S,RAL_SIR,None
58726|W114|FJ554787,I,S,RAL_SIR,None
58728|W116|FJ554789,I,S,RAL_SIR,None
58729|W117|FJ554790,I,S,RAL_SIR,None
58735|W123|FJ554796,I,S,RAL_SIR,None
58869|3796|FJ183506,I,S,RAL_SIR,None
58930|1840|FJ183567,I,S,RAL_SIR,None
58939|3469|FJ183576,I,S,RAL_SIR,None
58974|3853|FJ183611,I,S,RAL_SIR,None
59018|5032|FJ183655,I,S,RAL_SIR,None
59026|4933|FJ183663,I,S,RAL_SIR,None
59044|4786|FJ183692,I,S,DTG_SIR,RAL
59045|4799|FJ183694,I,S,DTG_SIR,RAL
59048|5150|FJ183702,I,S,DTG_SIR,RAL
69755|INT-197|GU217044,I,S,RAL_SIR,None
69876|INT-318|GU217165,I,S,RAL_SIR,None
69918|INT-360|GU217207,R,S,DTG_SIR,None
69965|INT-407|GU217254,I,S,DTG_SIR,None
70357|11_J0|GU358371,I,S,RAL_SIR,None
70363|5_M1|GU358392,R,I,DTG_SIR,RAL
70363|5_M3|GU358393,R,I,DTG_SIR,RAL
70363|5_M6|GU358394,R,I,DTG_SIR,RAL
70364|6_M3|GU358398,I,R,RAL_SIR,RAL
70364|6_M6|GU358399,I,R,RAL_SIR,RAL
71688|INT_3626|FJ813077,I,S,RAL_SIR,None
71716|INT_3654|FJ813105,I,S,RAL_SIR,None
71836|INT_3774|FJ813225,R,S,DTG_SIR,None
71949|INT_3887|FJ813338,I,S,DTG_SIR,None
71978|INT_3916|FJ813367,I,S,RAL_SIR,None
72044|INT_3982|FJ813433,I,S,RAL_SIR,None
72135|B4522|GQ371798,I,S,RAL_SIR,None
72158|D4506|GQ371821,S,I,EVG_SIR,None
72158|D4506|GQ371821,S,I,RAL_SIR,None
72446|Q7544|GQ372115,I,S,RAL_SIR,None
73340|BR.RJ.FT99|HM026844,I,S,RAL_SIR,None
73503|Virus114|GU121790,I,R,DTG_SIR,RAL
73503|Virus8|GU121684,I,R,DTG_SIR,RAL
73507|Virus97|GU121773,I,S,DTG_SIR,EVG
73508|Virus100|GU121776,R,S,DTG_SIR,EVG
73508|Virus103|GU121779,R,S,DTG_SIR,EVG
73508|Virus20|GU121696,R,S,DTG_SIR,EVG
73508|Virus99|GU121775,R,S,DTG_SIR,EVG
73511|Virus28|GU121704,R,I,DTG_SIR,RAL
73514|Virus32|GU121708,R,I,DTG_SIR,RAL
73521|Virus131|GU121807,R,S,DTG_SIR,RAL
73521|Virus49|GU121725,R,S,DTG_SIR,RAL
73544|Virus101|GU121777,I,R,RAL_SIR,RAL
73544|Virus122|GU121798,I,R,RAL_SIR,RAL
73544|Virus139|GU121815,I,R,RAL_SIR,RAL
73544|Virus139|GU121815,I,S,DTG_SIR,RAL
73548|Virus109|GU121785,R,I,DTG_SIR,RAL
73552|Virus142|GU121818,I,S,DTG_SIR,RAL
75521|97CM-MP818|AJ291718,I,S,RAL_SIR,None
75656|CLD_01_B|,R,I,DTG_SIR,RAL
76159|02CM.2172SA|GU201512,I,S,RAL_SIR,None
77030|07BR_FPS625|HM026456,I,S,RAL_SIR,None
77032|07BR_FPS783|HM026458,I,S,RAL_SIR,None
77035|569M|GQ477441,I,S,RAL_SIR,None
7727|LV3|AJ286133,I,S,RAL_SIR,None
80193|J11223|EU697904,I,S,RAL_SIR,None
80196|J11243|EU697907,I,S,RAL_SIR,None
8070|CA124204|,R,I,DTG_SIR,RAL
84075|SC06|JF773823,I,S,RAL_SIR,None
85753|1197|FJ199551,I,R,RAL_SIR,None
85963|PS205|FJ199761,I,S,RAL_SIR,None
86102|SK113|FJ199900,I,R,RAL_SIR,None
86116|SK137|FJ199914,I,R,RAL_SIR,None
93826|BAA295882|JQ716875,R,S,DTG_SIR,RAL
93831|BAA295856|JQ716880,I,S,DTG_SIR,RAL
93839|BAA295870|JQ716888,I,S,DTG_SIR,RAL
93850|BAA295908|JQ716899,R,S,DTG_SIR,RAL
